{"cameraMode":{"drawMode":0,"name":"Shaded","section":"Shading Mode"},"sceneLighting":true,"audioPlay":false,"sceneViewState":{"m_AlwaysRefresh":false,"showFog":true,"showSkybox":true,"showFlares":true,"showImageEffects":true,"showParticleSystems":true,"showVisualEffectGraphs":true,"m_FxEnabled":true},"in2DMode":false,"pivot":{"x":1.675184965133667,"y":1.1688060760498047,"z":-2.5491418838500978},"rotation":{"x":0.01799832098186016,"y":-0.008398509584367276,"z":0.00015066858031786978,"w":0.9998034238815308},"size":3.6331353187561037,"orthographic":true}