{"cameraMode":{"drawMode":0,"name":"Shaded","section":"Shading Mode"},"sceneLighting":false,"audioPlay":false,"sceneViewState":{"m_AlwaysRefresh":false,"showFog":true,"showSkybox":false,"showFlares":true,"showImageEffects":true,"showParticleSystems":true,"showVisualEffectGraphs":true,"m_FxEnabled":true},"in2DMode":false,"pivot":{"x":18.030677795410158,"y":13.836532592773438,"z":159.09213256835938},"rotation":{"x":0.2886291444301605,"y":-0.30003082752227785,"z":0.09577617794275284,"w":0.90416020154953},"size":144.72454833984376,"orthographic":true}