{"cameraMode":{"drawMode":0,"name":"Shaded","section":"Shading Mode"},"sceneLighting":false,"audioPlay":false,"sceneViewState":{"m_AlwaysRefresh":false,"showFog":true,"showSkybox":false,"showFlares":true,"showImageEffects":true,"showParticleSystems":true,"showVisualEffectGraphs":true,"m_FxEnabled":true},"in2DMode":false,"pivot":{"x":3.9948856830596926,"y":31.919265747070314,"z":62.56034851074219},"rotation":{"x":0.27596548199653628,"y":0.006920596119016409,"z":-0.0019866011571139099,"w":0.9611462950706482},"size":40.37040328979492,"orthographic":true}